{
	"pages": [ //pages数组中第一项表示应用启动页，参考：https://uniapp.dcloud.io/collocation/pages
		{
			"path": "pages/hot/hot",
			"style":{
				"navigationBarBackgroundColor":"#FFFFFF",
				"h5":{
					"pullToRefresh":{
						"color":"#FFFFFF"
					}
				}
			}
		},
		{
			"path":"pages/bangding/bangding",
			"style":{
				
				"navigationBarBackgroundColor":"#FFFFFF"
			}
		},
		{
			"path":"pages/list/list",
			"style":{
				
				"navigationBarBackgroundColor":"#FFFFFF"
			}
		},
		{
			"path":"pages/like/like",
			"style":{
				
				"navigationBarBackgroundColor":"#FFFFFF"
			}
		},
		{
			"path":"pages/renwu/renwu",
			"style":{
				
				"navigationBarBackgroundColor":"#FFFFFF"
			}
		},
		{
			"path": "pages/tuijian/tuijian",
			"style":{
				
				"navigationBarBackgroundColor":"#FFFFFF"
			}
		},
		{
			"path":"pages/collect/collect",
			"style":{
				
				"navigationBarBackgroundColor":"#FFFFFF"
			}
		},
		{
			"path":"pages/dingyue/dingyue",
			"style":{
				
				"navigationBarBackgroundColor":"#FFFFFF"
			}
		},
		{
			"path":"pages/yonghu/yonghu",
			"style":{
				
				"navigationBarBackgroundColor":"#FFFFFF"
			}
		},
		{
			"path":"pages/bianqian/bianqian",
			"style":{
				
				"navigationBarBackgroundColor":"#FFFFFF"
			}
		}
	],
	"globalStyle": {
		"navigationBarTextStyle": "black",//导航栏文字颜色（仅有black和white）
		"navigationBarTitleText": "MyDra",//导航栏标题
		"navigationBarBackgroundColor": "#4CD964",//导航栏颜色
		"backgroundColor":"#F1F1F1",//窗口背景色
		"enablePullDownRefresh":true,//开启下拉
		"backgroundTextStyle":"light"//loading颜色
	},
	"tabBar":{//下面的那行
	"color":"#333333",//默认文字颜色
	"selectedColor":"#4CD964",  //选中时文字颜色
	"backgroundColor":"#FFFFFF",//背景颜色
	"borderStyle":"black",// 上边框颜色
	"position":"bottom",// tabbar位置
		"list":[//数组2~5个，存tabbar里面的东西
	    {
			"text":"热点",
			"pagePath":"pages/hot/hot",//要跳转的页面的路径
			"iconPath":"static/_redian.png", // 默认图标样式
			"selectedIconPath":"./static/redian.png" // 选中时图标样式
		},
		{
			"text":"推荐",
			"pagePath":"pages/tuijian/tuijian",//要跳转的页面的路径
			"iconPath":"static/_tuijian.png", // 默认图标样式
			"selectedIconPath":"./static/tuijan.png" // 选中时图标样式
		},
		{
			"text":"收藏夹",
			"pagePath":"pages/collect/collect",//要跳转的页面的路径
			"iconPath":"static/_scj.png", // 默认图标样式
			"selectedIconPath":"./static/scj.png" // 选中时图标样式
		},
		{
			"text":"订阅",
			"pagePath":"pages/dingyue/dingyue",//要跳转的页面的路径
			"iconPath":"static/_dingyue.png", // 默认图标样式
			"selectedIconPath":"./static/dingyue.png" // 选中时图标样式
		},
		{
			"text":"用户",
			"pagePath":"pages/yonghu/yonghu",//要跳转的页面的路径
			"iconPath":"static/_yonghu.png", // 默认图标样式
			"selectedIconPath":"./static/yonghu.png" // 选中时图标样式
		}
		]
	}
}
