{
    "description": "项目配置文件",
    "packOptions": {
        "ignore": []
    },
    "setting": {
        "bundle": true,
        "userConfirmedBundleSwitch": false,
        "urlCheck": true,
        "scopeDataCheck": false,
        "coverView": true,
        "es6": true,
        "postcss": true,
        "compileHotReLoad": false,
        "lazyloadPlaceholderEnable": false,
        "preloadBackgroundData": false,
        "minified": true,
        "autoAudits": false,
        "newFeature": false,
        "uglifyFileName": false,
        "uploadWithSourceMap": true,
        "useIsolateContext": true,
        "nodeModules": false,
        "enhance": true,
        "useMultiFrameRuntime": true,
        "useApiHook": false,
        "useApiHostProcess": false,
        "showShadowRootInWxmlPanel": true,
        "packNpmManually": false,
        "enableEngineNative": false,
        "packNpmRelationList": [],
        "minifyWXSS": true,
        "showES6CompileOption": false,
        "minifyWXML": true
    },
    "compileType": "miniprogram",
    "libVersion": "2.21.0",
    "appid": "touristappid",
    "projectname": "miniprogram-1",
    "debugOptions": {
        "hidedInDevtools": []
    },
    "scripts": {},
    "staticServerOptions": {
        "baseURL": "",
        "servePath": ""
    },
    "isGameTourist": false,
    "condition": {
        "search": {
            "list": []
        },
        "conversation": {
            "list": []
        },
        "game": {
            "list": []
        },
        "plugin": {
            "list": []
        },
        "gamePlugin": {
            "list": []
        },
        "miniprogram": {
            "list": []
        }
    }
}